<?xml version="1.0" encoding="UTF-8"?>
<componentData>
  <component>
    <componentBaseName>hardwaresupportpkgs/matlab/webcam</componentBaseName>
    <componentFileName>hardwaresupportpkgs/matlab/webcam_common_1428003338.zip</componentFileName>
    <componentName>hardwaresupportpkgs/matlab/webcam_common</componentName>
    <componentVersion>1428003338</componentVersion>
    <locale />
    <numFiles>9</numFiles>
    <platformList>
      <platform>glnxa64</platform>
      <platform>maci64</platform>
      <platform>win32</platform>
      <platform>win64</platform>
    </platformList>
    <releaseFamily>R2014b</releaseFamily>
    <size>14960</size>
    <type />
    <uncompressedBytes>33501</uncompressedBytes>
  </component>
</componentData>

