<?xml version="1.0" encoding="UTF-8"?>
<componentData>
  <component>
    <componentBaseName>hardwaresupportpkgs/matlab/webcam</componentBaseName>
    <componentFileName>hardwaresupportpkgs/matlab/webcam_maci64_1428003636.zip</componentFileName>
    <componentName>hardwaresupportpkgs/matlab/webcam_maci64</componentName>
    <componentVersion>1428003636</componentVersion>
    <locale />
    <numFiles>5</numFiles>
    <platformList>
      <platform>maci64</platform>
    </platformList>
    <releaseFamily>R2014b</releaseFamily>
    <size>62661</size>
    <type />
    <uncompressedBytes>224800</uncompressedBytes>
  </component>
</componentData>

