<?xml version="1.0" encoding="UTF-8"?>
<productData>
  <dependsOn>
    <component>
      <name>hardwaresupportpkgs/matlab/webcam_common</name>
      <locale />
      <platformList>
        <platform>glnxa64</platform>
        <platform>maci64</platform>
        <platform>win32</platform>
        <platform>win64</platform>
      </platformList>
      <version>1428003338</version>
    </component>
    <component>
      <name>hardwaresupportpkgs/matlab/webcam_examples_common</name>
      <locale />
      <platformList>
        <platform>glnxa64</platform>
        <platform>maci64</platform>
        <platform>win32</platform>
        <platform>win64</platform>
      </platformList>
      <version>1428003145</version>
    </component>
    <component>
      <name>hardwaresupportpkgs/usbwebcams_doc_en_common</name>
      <locale />
      <platformList>
        <platform>glnxa64</platform>
        <platform>maci64</platform>
        <platform>win32</platform>
        <platform>win64</platform>
      </platformList>
      <version>1428003432</version>
    </component>
    <component>
      <name>hardwaresupportpkgs/usbwebcams_fe_common</name>
      <locale />
      <platformList>
        <platform>glnxa64</platform>
        <platform>maci64</platform>
        <platform>win32</platform>
        <platform>win64</platform>
      </platformList>
      <version>1428003365</version>
    </component>
  </dependsOn>
  <installerUsage>
    <usage>professional</usage>
  </installerUsage>
  <isControllingProduct>false</isControllingProduct>
  <platformList>
    <platform>glnxa64</platform>
    <platform>maci64</platform>
    <platform>win32</platform>
    <platform>win64</platform>
  </platformList>
  <productName>MATLAB Support Package for USB Webcams</productName>
  <productNumber>2055</productNumber>
  <productVersion>14.2.2</productVersion>
  <releaseDescription>R2014b</releaseDescription>
  <releaseFamily>R2014b</releaseFamily>
  <requiredProducts />
</productData>

