<?xml version="1.0" encoding="UTF-8"?>
<productAdditionalComps>
  <dependsOn>
    <component>
      <name>hardwaresupportpkgs/matlab/webcam_maci64</name>
      <locale />
      <platformList>
        <platform>maci64</platform>
      </platformList>
      <version>1428003636</version>
    </component>
  </dependsOn>
  <isControllingProduct>false</isControllingProduct>
  <platform>maci64</platform>
  <productName>MATLAB Support Package for USB Webcams</productName>
  <productNumber>2055</productNumber>
  <productVersion>14.2.2</productVersion>
  <releaseDescription>R2014b</releaseDescription>
  <releaseFamily>R2014b</releaseFamily>
</productAdditionalComps>

