<?xml version="1.0" encoding="UTF-8"?>
<componentData>
  <component>
    <componentBaseName>hardwaresupportpkgs/usbwebcams_doc_en</componentBaseName>
    <componentFileName>hardwaresupportpkgs/usbwebcams_doc_en_common_1428003432.zip</componentFileName>
    <componentName>hardwaresupportpkgs/usbwebcams_doc_en_common</componentName>
    <componentVersion>1428003432</componentVersion>
    <locale />
    <numFiles>46</numFiles>
    <platformList>
      <platform>glnxa64</platform>
      <platform>maci64</platform>
      <platform>win32</platform>
      <platform>win64</platform>
    </platformList>
    <releaseFamily>R2014b</releaseFamily>
    <size>229619</size>
    <type />
    <uncompressedBytes>502161</uncompressedBytes>
  </component>
</componentData>

