<?xml version="1.0" encoding="UTF-8"?>
<componentData>
  <component>
    <componentBaseName>hardwaresupportpkgs/usbwebcams_fe</componentBaseName>
    <componentFileName>hardwaresupportpkgs/usbwebcams_fe_common_1428003365.zip</componentFileName>
    <componentName>hardwaresupportpkgs/usbwebcams_fe_common</componentName>
    <componentVersion>1428003365</componentVersion>
    <locale />
    <numFiles>16</numFiles>
    <platformList>
      <platform>glnxa64</platform>
      <platform>maci64</platform>
      <platform>win32</platform>
      <platform>win64</platform>
    </platformList>
    <releaseFamily>R2014b</releaseFamily>
    <size>558781</size>
    <type />
    <uncompressedBytes>611052</uncompressedBytes>
  </component>
</componentData>

